{"A": [4.000000000000014, 3.0000000000000147, 2.0000000000000147, 2.000000000000019, 0.4000000000000403, 0.3000000000000403], "B": [4.000000000000014, 3.0000000000000147, 2.0000000000000147, 2.000000000000019, 0.4000000000000403, 0.3000000000000403, 4.000000000000014, 3.0000000000000147]}