{"A": [4.0000019815713985, 3.000001981571398, 2.000001981571398, 2.000003462824999, 0.4000035245577335, 0.3000035245577335], "B": [4.0000019815713985, 3.000001981571398, 2.000001981571398, 2.000003462824999, 0.4000035245577335, 0.3000035245577335, 4.0000019815713985, 3.000001981571398]}